[
    {
        "EffectiveUser": {
            "FirstName": null,
            "Phone": "",
            "LastName": null,
            "Fax": "",
            "MiddleName": null,
            "UniqueName": "aribasystem",
            "EmailAddress": "no-reply@smtp.mn2.ariba.com",
            "Name": "aribasystem"
        },
        "Changes": null,
        "Parameters": {
            "Param10": "{String}Jii2AJYB2a8X3w",
            "Param9": "{String}4",
            "Param8": "",
            "Param7": "",
            "Param6": "",
            "Param5": "",
            "Param4": "",
            "Param3": "",
            "Param2": "",
            "Param1": "{String}1100002212 - 4100001752"
        },
        "LineId": "c1rsf7:T39",
        "NodeName": "C2_TaskCXML1",
        "ResourceName": "ariba.collaborate.audit",
        "ContextObject": {
            "InternalId": "SR37986071"
        },
        "TimeUpdated": "2021-03-22T05:16:04Z",
        "TimeStamp": "2021-03-22T05:16:04Z",
        "ResourceKey": "Created",
        "TimeCreated": "2021-03-22T05:16:04Z",
        "EntryType": 8,
        "Level": 0,
        "IsSystem": false,
        "Id": 127153569782,
        "ContextVersion": 0,
        "RealUser": {
            "FirstName": null,
            "Phone": "",
            "LastName": null,
            "Fax": "",
            "MiddleName": null,
            "UniqueName": "aribasystem",
            "EmailAddress": "no-reply@smtp.mn2.ariba.com",
            "Name": "aribasystem"
        }
    },
    {
        "EffectiveUser": {
            "FirstName": null,
            "Phone": "",
            "LastName": null,
            "Fax": "",
            "MiddleName": null,
            "UniqueName": "aribasystem",
            "EmailAddress": "no-reply@smtp.mn2.ariba.com",
            "Name": "aribasystem"
        },
        "Changes": null,
        "Parameters": {
            "Param10": "{String}SR37986071",
            "Param9": "{String}4",
            "Param8": "",
            "Param7": "",
            "Param6": "",
            "Param5": "",
            "Param4": "",
            "Param3": "",
            "Param2": "",
            "Param1": "{String}1100002212 - 4100001752"
        },
        "LineId": "c1rsf7:T39",
        "NodeName": "C2_TaskCXML1",
        "ResourceName": "ariba.collaborate.audit",
        "ContextObject": {
            "InternalId": "SR37986071"
        },
        "TimeUpdated": "2021-03-22T05:16:04Z",
        "TimeStamp": "2021-03-22T05:16:04Z",
        "ResourceKey": "Created",
        "TimeCreated": "2021-03-22T05:16:04Z",
        "EntryType": 2,
        "Level": 0,
        "IsSystem": false,
        "Id": 127153569786,
        "ContextVersion": 0,
        "RealUser": {
            "FirstName": null,
            "Phone": "",
            "LastName": null,
            "Fax": "",
            "MiddleName": null,
            "UniqueName": "aribasystem",
            "EmailAddress": "no-reply@smtp.mn2.ariba.com",
            "Name": "aribasystem"
        }
    },
    {
        "EffectiveUser": {
            "FirstName": null,
            "Phone": "",
            "LastName": null,
            "Fax": "",
            "MiddleName": null,
            "UniqueName": "aribasystem",
            "EmailAddress": "no-reply@smtp.mn2.ariba.com",
            "Name": "aribasystem"
        },
        "Changes": [
            {
                "ValueClass": "ariba.base.core.LongString",
                "FieldName": "TemplateObject",
                "BaseObjectClass": "ariba.sourcing.rfx.SourcingRequest"
            }
        ],
        "Parameters": {
            "Param10": "{String}SR37986071",
            "Param9": "{String}59",
            "Param8": "",
            "Param7": "",
            "Param6": "",
            "Param5": "",
            "Param4": "",
            "Param3": "",
            "Param2": "",
            "Param1": "{String}1100002212 - 4100001752"
        },
        "LineId": "c1rsf7:T39",
        "NodeName": "C2_TaskCXML1",
        "ResourceName": "ariba.collaborate.audit",
        "ContextObject": {
            "InternalId": "SR37986071"
        },
        "TimeUpdated": "2021-03-22T05:16:04Z",
        "TimeStamp": "2021-03-22T05:16:04Z",
        "ResourceKey": "TemplateDetails",
        "TimeCreated": "2021-03-22T05:16:04Z",
        "EntryType": 2,
        "Level": 0,
        "IsSystem": false,
        "Id": 127153569890,
        "ContextVersion": 0,
        "RealUser": {
            "FirstName": null,
            "Phone": "",
            "LastName": null,
            "Fax": "",
            "MiddleName": null,
            "UniqueName": "aribasystem",
            "EmailAddress": "no-reply@smtp.mn2.ariba.com",
            "Name": "aribasystem"
        }
    }
]